Id,parentId,Workload,Server,Category,Type,OS name,Dependencies,Application name(s),Softwares(#),Support status,Security risks,Discovery method,Hypervisor type,Host,Tags,DB instances(#),Databases(#),Webapps(#),vCores(#),Memory (MB),Disks(#),Allocated storage (GB),OS Family,Support ends in (Days),Power status,Connected appliance,First discovered at,Last updated at,Processor,Database edition,Framework version,DB engine status,HADR configuration,IPv6/IPv4
"/subscriptions/ac866176-3fcf-43c6-817a-6309be256398/resourcegroups/mig11161437-rg/providers/microsoft.offazure/mastersites/mig11161437mastersite/webappsites/mig11161437webappsite/iiswebapplications/e3c47713f13aab6094cc2d4310c138123df84482b9fa5aafddc68e8222088e26-9cccf626cb6379e0e7b474af94af7a7120c40e439d80b49877abaee56de0f4ef","/subscriptions/ac866176-3fcf-43c6-817a-6309be256398/resourcegroups/mig11161437-rg/providers/microsoft.offazure/vmwaresites/mig11161437vmwaresite/machines/db73f8f2-624c-4a0f-905b-8c6f34442cbc_501514ae-8c32-f811-d6cf-6e8802e1e7aa","ContosoUniversity","win-ContosoUniversity-frontend","Web app",".NET/IIS","-","Disabled","default","-","-","-","Appliance","-","-","","-","-","-","-","-","-","-","-","-","-"," -","-","-","-"," -","v4.0","-","-","-"
"/subscriptions/ac866176-3fcf-43c6-817a-6309be256398/resourcegroups/mig11161437-rg/providers/microsoft.offazure/vmwaresites/mig11161437vmwaresite/machines/db73f8f2-624c-4a0f-905b-8c6f34442cbc_5015e17f-7b79-42af-7cd3-de401e42abb5","/subscriptions/ac866176-3fcf-43c6-817a-6309be256398/resourcegroups/mig11161437-rg/providers/microsoft.offazure/vmwaresites/mig11161437vmwaresite/machines/db73f8f2-624c-4a0f-905b-8c6f34442cbc_5015e17f-7b79-42af-7cd3-de401e42abb5","ContosoUniversity-backend","-","Server","Linux server","Ubuntu 20.04","Disabled","default","-1","Extended","-","Appliance","VMware","idclab-vcen67.fareast.corp.microsoft.com","","1","-","-","6","16384","1","80","Linux","1597","On","app130collector","-","-","-","-","-","-","-","10.150.101.0,2404:f801:4800:1c:f6f:39ce:1c87:dcd4,2404:f801:4800:1c:df8e:afbe:dbd:b7c,2404:f801:4800:1c:c468:6a19:c0a1:4b5a"
"/subscriptions/ac866176-3fcf-43c6-817a-6309be256398/resourcegroups/mig11161437-rg/providers/microsoft.offazure/vmwaresites/mig11161437vmwaresite/machines/db73f8f2-624c-4a0f-905b-8c6f34442cbc_50155128-f999-ddf8-0f25-b5e121a523fd","/subscriptions/ac866176-3fcf-43c6-817a-6309be256398/resourcegroups/mig11161437-rg/providers/microsoft.offazure/vmwaresites/mig11161437vmwaresite/machines/db73f8f2-624c-4a0f-905b-8c6f34442cbc_50155128-f999-ddf8-0f25-b5e121a523fd","ContosoUniversity-frontend","-","Server","Linux server","Ubuntu 20.04","Disabled","default","-1","Extended","-","Appliance","VMware","idclab-vcen67.fareast.corp.microsoft.com","","1","-","-","6","16384","1","80","Linux","1597","On","app130collector","-","-","-","-","-","-","-","10.150.102.224,2404:f801:4800:1c:1e28:31e1:9f62:bf5,2404:f801:4800:1c:280:afa0:a8a7:d8da,2404:f801:4800:1c:3b9d:bdd0:17a5:87bb"
"/subscriptions/ac866176-3fcf-43c6-817a-6309be256398/resourcegroups/mig11161437-rg/providers/microsoft.applicationmigration/pgsqlsites/mig11161437pgsql/pgsqlinstances/36276365471165521036939023073180","/subscriptions/ac866176-3fcf-43c6-817a-6309be256398/resourcegroups/mig11161437-rg/providers/microsoft.offazure/vmwaresites/mig11161437vmwaresite/machines/db73f8f2-624c-4a0f-905b-8c6f34442cbc_5015891a-b3c0-f555-9fa9-fff3feb858f9","ContosoUniversity-PGSQL-:5432","-","Database","PostgreSQL server","17.5","Disabled","default","-","Mainstream","-","Appliance","-","-","{}","-","-","-","-","16383","-","-","-","-","-"," -","-","-","-","Unknown","-","-","-","-"
"/subscriptions/ac866176-3fcf-43c6-817a-6309be256398/resourcegroups/mig11161437-rg/providers/microsoft.applicationmigration/pgsqlsites/mig11161437pgsql/pgsqlinstances/43712384843177072259448303577845","/subscriptions/ac866176-3fcf-43c6-817a-6309be256398/resourcegroups/mig11161437-rg/providers/microsoft.offazure/vmwaresites/mig11161437vmwaresite/machines/db73f8f2-624c-4a0f-905b-8c6f34442cbc_5015e17f-7b79-42af-7cd3-de401e42abb5","ContosoUniversity-pgsql-db:5432","-","Database","PostgreSQL server","12.22","Disabled","default","-","OutOfSupport","-","Appliance","-","-","{}","-","-","-","-","15989","-","-","-","-","-"," -","-","-","-","Unknown","-","-","-","-"
"/subscriptions/ac866176-3fcf-43c6-817a-6309be256398/resourcegroups/mig11161437-rg/providers/microsoft.offazure/mastersites/mig11161437mastersite/webappsites/mig11161437webappsite/iiswebapplications/15f43260fd4e00f59807e86e7384b31455d65466868140508c521f3a5b3eedb2-a7b69c342d1f4d236917767b170deb3c38129ecba355e513f2997ce40016674a","/subscriptions/ac866176-3fcf-43c6-817a-6309be256398/resourcegroups/mig11161437-rg/providers/microsoft.offazure/vmwaresites/mig11161437vmwaresite/machines/db73f8f2-624c-4a0f-905b-8c6f34442cbc_5015640f-f4ed-6685-f7e6-5e8d2f85df24","Default Web Site","pgsql-selfhost-5","Web app",".NET/IIS","-","Disabled","default","-","-","-","Appliance","-","-","","-","-","-","-","-","-","-","-","-","-"," -","-","-","-"," -","v4.0","-","-","-"
"/subscriptions/ac866176-3fcf-43c6-817a-6309be256398/resourcegroups/mig11161437-rg/providers/microsoft.offazure/mastersites/mig11161437mastersite/webappsites/mig11161437webappsite/iiswebapplications/7e951ec7ea5284426b54dcc8087eed39d97926097eaaacaea01898be0ac0d7f2-a7b69c342d1f4d236917767b170deb3c38129ecba355e513f2997ce40016674a","/subscriptions/ac866176-3fcf-43c6-817a-6309be256398/resourcegroups/mig11161437-rg/providers/microsoft.offazure/vmwaresites/mig11161437vmwaresite/machines/db73f8f2-624c-4a0f-905b-8c6f34442cbc_50154d13-01a7-8999-94c1-7604446438ba","Default Web Site","pgsql-selfhost-8","Web app",".NET/IIS","-","Disabled","default","-","-","-","Appliance","-","-","","-","-","-","-","-","-","-","-","-","-"," -","-","-","-"," -","v4.0","-","-","-"
"/subscriptions/ac866176-3fcf-43c6-817a-6309be256398/resourcegroups/mig11161437-rg/providers/microsoft.offazure/mastersites/mig11161437mastersite/webappsites/mig11161437webappsite/iiswebapplications/54c6c42e9b664ec58913b238b1e030f85dab6bea065c0c963a4e2e4196b36506-a7b69c342d1f4d236917767b170deb3c38129ecba355e513f2997ce40016674a","/subscriptions/ac866176-3fcf-43c6-817a-6309be256398/resourcegroups/mig11161437-rg/providers/microsoft.offazure/vmwaresites/mig11161437vmwaresite/machines/db73f8f2-624c-4a0f-905b-8c6f34442cbc_5015a6ae-b2c9-7f84-cf8d-31f55ad370c2","Default Web Site","pgsql-selfhost-2","Web app",".NET/IIS","-","Disabled","default","-","-","-","Appliance","-","-","","-","-","-","-","-","-","-","-","-","-"," -","-","-","-"," -","v4.0","-","-","-"
"/subscriptions/ac866176-3fcf-43c6-817a-6309be256398/resourcegroups/mig11161437-rg/providers/microsoft.offazure/mastersites/mig11161437mastersite/webappsites/mig11161437webappsite/iiswebapplications/3a3fb2fbbd3e8da1d5653516fd9ef936d509562dfb5754121b316b60b22b0f00-a7b69c342d1f4d236917767b170deb3c38129ecba355e513f2997ce40016674a","/subscriptions/ac866176-3fcf-43c6-817a-6309be256398/resourcegroups/mig11161437-rg/providers/microsoft.offazure/vmwaresites/mig11161437vmwaresite/machines/db73f8f2-624c-4a0f-905b-8c6f34442cbc_501595b6-40c6-eb14-1a5e-f1d79193952f","Default Web Site","pgsql-selfhost-7","Web app",".NET/IIS","-","Disabled","default","-","-","-","Appliance","-","-","","-","-","-","-","-","-","-","-","-","-"," -","-","-","-"," -","v4.0","-","-","-"
"/subscriptions/ac866176-3fcf-43c6-817a-6309be256398/resourcegroups/mig11161437-rg/providers/microsoft.offazure/mastersites/mig11161437mastersite/webappsites/mig11161437webappsite/iiswebapplications/70684e00e3da5acfdb2e5b14b1af5dd934b12d465f09678e79caf83cf01d03c5-a7b69c342d1f4d236917767b170deb3c38129ecba355e513f2997ce40016674a","/subscriptions/ac866176-3fcf-43c6-817a-6309be256398/resourcegroups/mig11161437-rg/providers/microsoft.offazure/vmwaresites/mig11161437vmwaresite/machines/db73f8f2-624c-4a0f-905b-8c6f34442cbc_501583df-4405-a6e8-e593-b2750eac1c34","Default Web Site","pgsql-selfhost-1","Web app",".NET/IIS","-","Disabled","default","-","-","-","Appliance","-","-","","-","-","-","-","-","-","-","-","-","-"," -","-","-","-"," -","v4.0","-","-","-"
"/subscriptions/ac866176-3fcf-43c6-817a-6309be256398/resourcegroups/mig11161437-rg/providers/microsoft.offazure/mastersites/mig11161437mastersite/webappsites/mig11161437webappsite/iiswebapplications/2a56e1a4898e85f9392117882f4a71e0aa31b0375b1224c06b45ff083115c0b0-a7b69c342d1f4d236917767b170deb3c38129ecba355e513f2997ce40016674a","/subscriptions/ac866176-3fcf-43c6-817a-6309be256398/resourcegroups/mig11161437-rg/providers/microsoft.offazure/vmwaresites/mig11161437vmwaresite/machines/db73f8f2-624c-4a0f-905b-8c6f34442cbc_50156955-9730-407b-9225-555e02cac74d","Default Web Site","MySQLWindowsApp1","Web app",".NET/IIS","-","Disabled","default","-","-","-","Appliance","-","-","","-","-","-","-","-","-","-","-","-","-"," -","-","-","-"," -","v4.0","-","-","-"
"/subscriptions/ac866176-3fcf-43c6-817a-6309be256398/resourcegroups/mig11161437-rg/providers/microsoft.offazure/mastersites/mig11161437mastersite/webappsites/mig11161437webappsite/iiswebapplications/876cbb642452ad44898b0e95ac429784ac25a11cadf3094feb2dd604b4b25cfc-a7b69c342d1f4d236917767b170deb3c38129ecba355e513f2997ce40016674a","/subscriptions/ac866176-3fcf-43c6-817a-6309be256398/resourcegroups/mig11161437-rg/providers/microsoft.offazure/vmwaresites/mig11161437vmwaresite/machines/db73f8f2-624c-4a0f-905b-8c6f34442cbc_5015ba56-edb6-ea1d-8124-8050be994b79","Default Web Site","PGSQLSelfHost-patelvishesh-ccy-01","Web app",".NET/IIS","-","Disabled","default","-","-","-","Appliance","-","-","","-","-","-","-","-","-","-","-","-","-"," -","-","-","-"," -","v4.0","-","-","-"
"/subscriptions/ac866176-3fcf-43c6-817a-6309be256398/resourcegroups/mig11161437-rg/providers/microsoft.offazure/mastersites/mig11161437mastersite/webappsites/mig11161437webappsite/iiswebapplications/fb5348f4549c932e5889f83fe197a0f7001f6446a6f6575dfbe36407db469633-a7b69c342d1f4d236917767b170deb3c38129ecba355e513f2997ce40016674a","/subscriptions/ac866176-3fcf-43c6-817a-6309be256398/resourcegroups/mig11161437-rg/providers/microsoft.offazure/vmwaresites/mig11161437vmwaresite/machines/db73f8f2-624c-4a0f-905b-8c6f34442cbc_50153778-9b2c-3dd9-51ed-c0b2b777973c","Default Web Site","pgsql-selfhost-4","Web app",".NET/IIS","-","Disabled","default","-","-","-","Appliance","-","-","","-","-","-","-","-","-","-","-","-","-"," -","-","-","-"," -","v4.0","-","-","-"
"/subscriptions/ac866176-3fcf-43c6-817a-6309be256398/resourcegroups/mig11161437-rg/providers/microsoft.offazure/mastersites/mig11161437mastersite/webappsites/mig11161437webappsite/iiswebapplications/a6a64d35f1611940608a56cb88f57b824cd9b6303eb3e2d27168a18cc47f7e5c-a7b69c342d1f4d236917767b170deb3c38129ecba355e513f2997ce40016674a","/subscriptions/ac866176-3fcf-43c6-817a-6309be256398/resourcegroups/mig11161437-rg/providers/microsoft.offazure/vmwaresites/mig11161437vmwaresite/machines/db73f8f2-624c-4a0f-905b-8c6f34442cbc_5015f22a-0530-3798-8a48-cdb785388a6a","Default Web Site","PGSQLSelfHost-patelvishesh-ccy-04","Web app",".NET/IIS","-","Disabled","default","-","-","-","Appliance","-","-","","-","-","-","-","-","-","-","-","-","-"," -","-","-","-"," -","v4.0","-","-","-"
"/subscriptions/ac866176-3fcf-43c6-817a-6309be256398/resourcegroups/mig11161437-rg/providers/microsoft.offazure/mastersites/mig11161437mastersite/webappsites/mig11161437webappsite/iiswebapplications/7d0b2d8fcf04f6010407aba04623b282be3c1cdab7c124e7c239b69693a51e49-a7b69c342d1f4d236917767b170deb3c38129ecba355e513f2997ce40016674a","/subscriptions/ac866176-3fcf-43c6-817a-6309be256398/resourcegroups/mig11161437-rg/providers/microsoft.offazure/vmwaresites/mig11161437vmwaresite/machines/db73f8f2-624c-4a0f-905b-8c6f34442cbc_50151ee3-8949-1144-0931-dc744bd5624f","Default Web Site","MySQLWindowsApp5","Web app",".NET/IIS","-","Disabled","default","-","-","-","Appliance","-","-","","-","-","-","-","-","-","-","-","-","-"," -","-","-","-"," -","v4.0","-","-","-"
"/subscriptions/ac866176-3fcf-43c6-817a-6309be256398/resourcegroups/mig11161437-rg/providers/microsoft.offazure/mastersites/mig11161437mastersite/webappsites/mig11161437webappsite/iiswebapplications/0f6a5147dd4d8f0f5c785eb378de01c7db4e127009b0412269a88deba7ad6ffc-a7b69c342d1f4d236917767b170deb3c38129ecba355e513f2997ce40016674a","/subscriptions/ac866176-3fcf-43c6-817a-6309be256398/resourcegroups/mig11161437-rg/providers/microsoft.offazure/vmwaresites/mig11161437vmwaresite/machines/db73f8f2-624c-4a0f-905b-8c6f34442cbc_5015218b-f1b4-c83f-6ec2-0b1118ce8ce2","Default Web Site","PGSQLWindows","Web app",".NET/IIS","-","Disabled","default","-","-","-","Appliance","-","-","","-","-","-","-","-","-","-","-","-","-"," -","-","-","-"," -","v4.0","-","-","-"
"/subscriptions/ac866176-3fcf-43c6-817a-6309be256398/resourcegroups/mig11161437-rg/providers/microsoft.offazure/mastersites/mig11161437mastersite/webappsites/mig11161437webappsite/iiswebapplications/d5e22b9e449104d4325fc6eebcd437693de2099a7c665c372a2e69ac7c9dfc6c-a7b69c342d1f4d236917767b170deb3c38129ecba355e513f2997ce40016674a","/subscriptions/ac866176-3fcf-43c6-817a-6309be256398/resourcegroups/mig11161437-rg/providers/microsoft.offazure/vmwaresites/mig11161437vmwaresite/machines/db73f8f2-624c-4a0f-905b-8c6f34442cbc_50159144-8ec4-8bab-5d10-ea2a219ef451","Default Web Site","PGSQLWindows-2","Web app",".NET/IIS","-","Disabled","default","-","-","-","Appliance","-","-","","-","-","-","-","-","-","-","-","-","-"," -","-","-","-"," -","v4.0","-","-","-"
"/subscriptions/ac866176-3fcf-43c6-817a-6309be256398/resourcegroups/mig11161437-rg/providers/microsoft.offazure/vmwaresites/mig11161437vmwaresite/machines/db73f8f2-624c-4a0f-905b-8c6f34442cbc_5015f240-7d97-e28d-8ec3-62540964abd3","/subscriptions/ac866176-3fcf-43c6-817a-6309be256398/resourcegroups/mig11161437-rg/providers/microsoft.offazure/vmwaresites/mig11161437vmwaresite/machines/db73f8f2-624c-4a0f-905b-8c6f34442cbc_5015f240-7d97-e28d-8ec3-62540964abd3","guptah-sonic-tomcat-ubuntu","-","Server","Linux server","Ubuntu 20.04","Disabled","default","-1","Extended","-","Appliance","VMware","idclab-vcen67.fareast.corp.microsoft.com","","-","-","-","6","16384","1","80","Linux","1597","On","app130collector","-","-","-","-","-","-","-","10.150.101.185,2404:f801:4800:1c:d522:eb49:7b34:b45d,2404:f801:4800:1c:13dd:19ae:1057:c80b,2404:f801:4800:1c:7fdf:574d:fcd:cd1f,2404:f801:4800:1c:1548:e30a:8207:61aa"
"/subscriptions/ac866176-3fcf-43c6-817a-6309be256398/resourcegroups/mig11161437-rg/providers/microsoft.applicationmigration/pgsqlsites/mig11161437pgsql/pgsqlinstances/68492192901987997215913554237610","/subscriptions/ac866176-3fcf-43c6-817a-6309be256398/resourcegroups/mig11161437-rg/providers/microsoft.offazure/vmwaresites/mig11161437vmwaresite/machines/db73f8f2-624c-4a0f-905b-8c6f34442cbc_5015e933-b2de-fe1f-8729-77e91fa84040","HARSHGIDRA-APPL:5432","-","Database","PostgreSQL server","17.5","Disabled","default","-","Mainstream","-","Appliance","-","-","{}","-","-","-","-","16383","-","-","-","-","-"," -","-","-","-","Unknown","-","-","-","-"
"/subscriptions/ac866176-3fcf-43c6-817a-6309be256398/resourcegroups/mig11161437-rg/providers/microsoft.offazure/mastersites/mig11161437mastersite/webappsites/mig11161437webappsite/iiswebapplications/15f43260fd4e00f59807e86e7384b31455d65466868140508c521f3a5b3eedb2-d7acfd06ed57bf40128dcd6f45c52ee864bab1db2edd3636e223c36b800a1773","/subscriptions/ac866176-3fcf-43c6-817a-6309be256398/resourcegroups/mig11161437-rg/providers/microsoft.offazure/vmwaresites/mig11161437vmwaresite/machines/db73f8f2-624c-4a0f-905b-8c6f34442cbc_5015640f-f4ed-6685-f7e6-5e8d2f85df24","Microsoft Azure Appliance Configuration Manager","pgsql-selfhost-5","Web app",".NET/IIS","-","Disabled","default","-","-","-","Appliance","-","-","","-","-","-","-","-","-","-","-","-","-"," -","-","-","-"," -","v4.0","-","-","-"
"/subscriptions/ac866176-3fcf-43c6-817a-6309be256398/resourcegroups/mig11161437-rg/providers/microsoft.offazure/mastersites/mig11161437mastersite/webappsites/mig11161437webappsite/iiswebapplications/a6a64d35f1611940608a56cb88f57b824cd9b6303eb3e2d27168a18cc47f7e5c-d7acfd06ed57bf40128dcd6f45c52ee864bab1db2edd3636e223c36b800a1773","/subscriptions/ac866176-3fcf-43c6-817a-6309be256398/resourcegroups/mig11161437-rg/providers/microsoft.offazure/vmwaresites/mig11161437vmwaresite/machines/db73f8f2-624c-4a0f-905b-8c6f34442cbc_5015f22a-0530-3798-8a48-cdb785388a6a","Microsoft Azure Appliance Configuration Manager","PGSQLSelfHost-patelvishesh-ccy-04","Web app",".NET/IIS","-","Disabled","default","-","-","-","Appliance","-","-","","-","-","-","-","-","-","-","-","-","-"," -","-","-","-"," -","v4.0","-","-","-"
"/subscriptions/ac866176-3fcf-43c6-817a-6309be256398/resourcegroups/mig11161437-rg/providers/microsoft.offazure/mastersites/mig11161437mastersite/webappsites/mig11161437webappsite/iiswebapplications/fb5348f4549c932e5889f83fe197a0f7001f6446a6f6575dfbe36407db469633-d7acfd06ed57bf40128dcd6f45c52ee864bab1db2edd3636e223c36b800a1773","/subscriptions/ac866176-3fcf-43c6-817a-6309be256398/resourcegroups/mig11161437-rg/providers/microsoft.offazure/vmwaresites/mig11161437vmwaresite/machines/db73f8f2-624c-4a0f-905b-8c6f34442cbc_50153778-9b2c-3dd9-51ed-c0b2b777973c","Microsoft Azure Appliance Configuration Manager","pgsql-selfhost-4","Web app",".NET/IIS","-","Disabled","default","-","-","-","Appliance","-","-","","-","-","-","-","-","-","-","-","-","-"," -","-","-","-"," -","v4.0","-","-","-"
"/subscriptions/ac866176-3fcf-43c6-817a-6309be256398/resourcegroups/mig11161437-rg/providers/microsoft.offazure/mastersites/mig11161437mastersite/webappsites/mig11161437webappsite/iiswebapplications/7d0b2d8fcf04f6010407aba04623b282be3c1cdab7c124e7c239b69693a51e49-d7acfd06ed57bf40128dcd6f45c52ee864bab1db2edd3636e223c36b800a1773","/subscriptions/ac866176-3fcf-43c6-817a-6309be256398/resourcegroups/mig11161437-rg/providers/microsoft.offazure/vmwaresites/mig11161437vmwaresite/machines/db73f8f2-624c-4a0f-905b-8c6f34442cbc_50151ee3-8949-1144-0931-dc744bd5624f","Microsoft Azure Appliance Configuration Manager","MySQLWindowsApp5","Web app",".NET/IIS","-","Disabled","default","-","-","-","Appliance","-","-","","-","-","-","-","-","-","-","-","-","-"," -","-","-","-"," -","v4.0","-","-","-"
"/subscriptions/ac866176-3fcf-43c6-817a-6309be256398/resourcegroups/mig11161437-rg/providers/microsoft.offazure/mastersites/mig11161437mastersite/webappsites/mig11161437webappsite/iiswebapplications/7e951ec7ea5284426b54dcc8087eed39d97926097eaaacaea01898be0ac0d7f2-d7acfd06ed57bf40128dcd6f45c52ee864bab1db2edd3636e223c36b800a1773","/subscriptions/ac866176-3fcf-43c6-817a-6309be256398/resourcegroups/mig11161437-rg/providers/microsoft.offazure/vmwaresites/mig11161437vmwaresite/machines/db73f8f2-624c-4a0f-905b-8c6f34442cbc_50154d13-01a7-8999-94c1-7604446438ba","Microsoft Azure Appliance Configuration Manager","pgsql-selfhost-8","Web app",".NET/IIS","-","Disabled","default","-","-","-","Appliance","-","-","","-","-","-","-","-","-","-","-","-","-"," -","-","-","-"," -","v4.0","-","-","-"
"/subscriptions/ac866176-3fcf-43c6-817a-6309be256398/resourcegroups/mig11161437-rg/providers/microsoft.offazure/mastersites/mig11161437mastersite/webappsites/mig11161437webappsite/iiswebapplications/876cbb642452ad44898b0e95ac429784ac25a11cadf3094feb2dd604b4b25cfc-d7acfd06ed57bf40128dcd6f45c52ee864bab1db2edd3636e223c36b800a1773","/subscriptions/ac866176-3fcf-43c6-817a-6309be256398/resourcegroups/mig11161437-rg/providers/microsoft.offazure/vmwaresites/mig11161437vmwaresite/machines/db73f8f2-624c-4a0f-905b-8c6f34442cbc_5015ba56-edb6-ea1d-8124-8050be994b79","Microsoft Azure Appliance Configuration Manager","PGSQLSelfHost-patelvishesh-ccy-01","Web app",".NET/IIS","-","Disabled","default","-","-","-","Appliance","-","-","","-","-","-","-","-","-","-","-","-","-"," -","-","-","-"," -","v4.0","-","-","-"
"/subscriptions/ac866176-3fcf-43c6-817a-6309be256398/resourcegroups/mig11161437-rg/providers/microsoft.offazure/mastersites/mig11161437mastersite/webappsites/mig11161437webappsite/iiswebapplications/54c6c42e9b664ec58913b238b1e030f85dab6bea065c0c963a4e2e4196b36506-d7acfd06ed57bf40128dcd6f45c52ee864bab1db2edd3636e223c36b800a1773","/subscriptions/ac866176-3fcf-43c6-817a-6309be256398/resourcegroups/mig11161437-rg/providers/microsoft.offazure/vmwaresites/mig11161437vmwaresite/machines/db73f8f2-624c-4a0f-905b-8c6f34442cbc_5015a6ae-b2c9-7f84-cf8d-31f55ad370c2","Microsoft Azure Appliance Configuration Manager","pgsql-selfhost-2","Web app",".NET/IIS","-","Disabled","default","-","-","-","Appliance","-","-","","-","-","-","-","-","-","-","-","-","-"," -","-","-","-"," -","v4.0","-","-","-"
"/subscriptions/ac866176-3fcf-43c6-817a-6309be256398/resourcegroups/mig11161437-rg/providers/microsoft.offazure/mastersites/mig11161437mastersite/webappsites/mig11161437webappsite/iiswebapplications/3a3fb2fbbd3e8da1d5653516fd9ef936d509562dfb5754121b316b60b22b0f00-d7acfd06ed57bf40128dcd6f45c52ee864bab1db2edd3636e223c36b800a1773","/subscriptions/ac866176-3fcf-43c6-817a-6309be256398/resourcegroups/mig11161437-rg/providers/microsoft.offazure/vmwaresites/mig11161437vmwaresite/machines/db73f8f2-624c-4a0f-905b-8c6f34442cbc_501595b6-40c6-eb14-1a5e-f1d79193952f","Microsoft Azure Appliance Configuration Manager","pgsql-selfhost-7","Web app",".NET/IIS","-","Disabled","default","-","-","-","Appliance","-","-","","-","-","-","-","-","-","-","-","-","-"," -","-","-","-"," -","v4.0","-","-","-"
"/subscriptions/ac866176-3fcf-43c6-817a-6309be256398/resourcegroups/mig11161437-rg/providers/microsoft.offazure/mastersites/mig11161437mastersite/webappsites/mig11161437webappsite/iiswebapplications/0f6a5147dd4d8f0f5c785eb378de01c7db4e127009b0412269a88deba7ad6ffc-d7acfd06ed57bf40128dcd6f45c52ee864bab1db2edd3636e223c36b800a1773","/subscriptions/ac866176-3fcf-43c6-817a-6309be256398/resourcegroups/mig11161437-rg/providers/microsoft.offazure/vmwaresites/mig11161437vmwaresite/machines/db73f8f2-624c-4a0f-905b-8c6f34442cbc_5015218b-f1b4-c83f-6ec2-0b1118ce8ce2","Microsoft Azure Appliance Configuration Manager","PGSQLWindows","Web app",".NET/IIS","-","Disabled","default","-","-","-","Appliance","-","-","","-","-","-","-","-","-","-","-","-","-"," -","-","-","-"," -","v4.0","-","-","-"
"/subscriptions/ac866176-3fcf-43c6-817a-6309be256398/resourcegroups/mig11161437-rg/providers/microsoft.offazure/mastersites/mig11161437mastersite/sqlsites/mig11161437sqlsites/sqlservers/fe531d23-4bdb-4e72-b7cd-0bb230061bda_vmnet1.fpl.com_mssqlserver","/subscriptions/ac866176-3fcf-43c6-817a-6309be256398/resourcegroups/mig11161437-rg/providers/microsoft.offazure/vmwaresites/mig11161437vmwaresite/machines/fe531d23-4bdb-4e72-b7cd-0bb230061bda_500f184d-8f5e-e039-4cdb-c59f57e20f2c","MSSQLSERVER","VM-GQLVM06.FPL.COM","Database","SQL server","-","Disabled","default","-","Extended","-","Appliance","-","-","","-","-","-","-","-","-","-","-","1514","-"," -","-","-","-","Developer Edition","-","Running","FailoverClusterInstance","-"
"/subscriptions/ac866176-3fcf-43c6-817a-6309be256398/resourcegroups/mig11161437-rg/providers/microsoft.offazure/mastersites/mig11161437mastersite/sqlsites/mig11161437sqlsites/sqlservers/fe531d23-4bdb-4e72-b7cd-0bb230061bda_vmnet2.fpl.com_mssqlserver","/subscriptions/ac866176-3fcf-43c6-817a-6309be256398/resourcegroups/mig11161437-rg/providers/microsoft.offazure/vmwaresites/mig11161437vmwaresite/machines/fe531d23-4bdb-4e72-b7cd-0bb230061bda_500f02cc-aa0f-1e77-7231-a21216f856ff","MSSQLSERVER","VM-GQLVM07.FPL.COM","Database","SQL server","-","Disabled","default","-","Extended","-","Appliance","-","-","","-","-","-","-","-","-","-","-","240","-"," -","-","-","-","Developer Edition","-","Running","FailoverClusterInstance","-"
"/subscriptions/ac866176-3fcf-43c6-817a-6309be256398/resourcegroups/mig11161437-rg/providers/microsoft.offazure/mastersites/mig11161437mastersite/sqlsites/mig11161437sqlsites/sqlservers/fe531d23-4bdb-4e72-b7cd-0bb230061bda_vmnet2.fpl.com_mssqlserver","/subscriptions/ac866176-3fcf-43c6-817a-6309be256398/resourcegroups/mig11161437-rg/providers/microsoft.offazure/vmwaresites/mig11161437vmwaresite/machines/fe531d23-4bdb-4e72-b7cd-0bb230061bda_500f281e-477c-1618-045f-c44db285b012","MSSQLSERVER","VM-GQLVM07.FPL.COM","Database","SQL server","-","Disabled","default","-","Extended","-","Appliance","-","-","","-","-","-","-","-","-","-","-","240","-"," -","-","-","-","Developer Edition","-","Running","FailoverClusterInstance","-"
"/subscriptions/ac866176-3fcf-43c6-817a-6309be256398/resourcegroups/mig11161437-rg/providers/microsoft.offazure/mastersites/mig11161437mastersite/sqlsites/mig11161437sqlsites/sqlservers/fe531d23-4bdb-4e72-b7cd-0bb230061bda_500f40d7-4d85-7a4b-f80f-6d88f2e8cc32_mssqlserver","/subscriptions/ac866176-3fcf-43c6-817a-6309be256398/resourcegroups/mig11161437-rg/providers/microsoft.offazure/vmwaresites/mig11161437vmwaresite/machines/fe531d23-4bdb-4e72-b7cd-0bb230061bda_500f40d7-4d85-7a4b-f80f-6d88f2e8cc32","MSSQLSERVER","VM-GQLAG02.FPL.COM","Database","SQL server","-","Disabled","default","-","Extended","-","Appliance","-","-","","-","-","-","-","-","-","-","-","695","-"," -","-","-","-","Developer Edition","-","Running","-","-"
"/subscriptions/ac866176-3fcf-43c6-817a-6309be256398/resourcegroups/mig11161437-rg/providers/microsoft.offazure/mastersites/mig11161437mastersite/sqlsites/mig11161437sqlsites/sqlservers/fe531d23-4bdb-4e72-b7cd-0bb230061bda_500f2ced-d8fc-cd5c-893e-d6358c452a36_mssqlserver","/subscriptions/ac866176-3fcf-43c6-817a-6309be256398/resourcegroups/mig11161437-rg/providers/microsoft.offazure/vmwaresites/mig11161437vmwaresite/machines/fe531d23-4bdb-4e72-b7cd-0bb230061bda_500f2ced-d8fc-cd5c-893e-d6358c452a36","MSSQLSERVER","WIN-HB64FDC5399","Database","SQL server","-","Disabled","default","-","Extended","-","Appliance","-","-","","-","-","-","-","-","-","-","-","695","-"," -","-","-","-","Developer Edition","-","Running","-","-"
"/subscriptions/ac866176-3fcf-43c6-817a-6309be256398/resourcegroups/mig11161437-rg/providers/microsoft.offazure/mastersites/mig11161437mastersite/sqlsites/mig11161437sqlsites/sqlservers/fe531d23-4bdb-4e72-b7cd-0bb230061bda_500f483c-603c-163b-4b7b-262dae26b60f_mssqlserver","/subscriptions/ac866176-3fcf-43c6-817a-6309be256398/resourcegroups/mig11161437-rg/providers/microsoft.offazure/vmwaresites/mig11161437vmwaresite/machines/fe531d23-4bdb-4e72-b7cd-0bb230061bda_500f483c-603c-163b-4b7b-262dae26b60f","MSSQLSERVER","WIN-DUVH2RKOQGU","Database","SQL server","-","Disabled","default","-","Extended","-","Appliance","-","-","","-","-","-","-","-","-","-","-","695","-"," -","-","-","-","Developer Edition","-","Running","-","-"
"/subscriptions/ac866176-3fcf-43c6-817a-6309be256398/resourcegroups/mig11161437-rg/providers/microsoft.offazure/mastersites/mig11161437mastersite/sqlsites/mig11161437sqlsites/sqlservers/fe531d23-4bdb-4e72-b7cd-0bb230061bda_vmnet1.fpl.com_mssqlserver","/subscriptions/ac866176-3fcf-43c6-817a-6309be256398/resourcegroups/mig11161437-rg/providers/microsoft.offazure/vmwaresites/mig11161437vmwaresite/machines/fe531d23-4bdb-4e72-b7cd-0bb230061bda_500fff03-354f-2a21-d78c-e1ede59856a7","MSSQLSERVER","VM-GQLVM06.FPL.COM","Database","SQL server","-","Disabled","default","-","Extended","-","Appliance","-","-","","-","-","-","-","-","-","-","-","1514","-"," -","-","-","-","Developer Edition","-","Running","FailoverClusterInstance","-"
"/subscriptions/ac866176-3fcf-43c6-817a-6309be256398/resourcegroups/mig11161437-rg/providers/microsoft.offazure/mastersites/mig11161437mastersite/sqlsites/mig11161437sqlsites/sqlservers/fe531d23-4bdb-4e72-b7cd-0bb230061bda_500fadaf-6d55-d4ef-53f9-3dda67f1b754_mssqlserver","/subscriptions/ac866176-3fcf-43c6-817a-6309be256398/resourcegroups/mig11161437-rg/providers/microsoft.offazure/vmwaresites/mig11161437vmwaresite/machines/fe531d23-4bdb-4e72-b7cd-0bb230061bda_500fadaf-6d55-d4ef-53f9-3dda67f1b754","MSSQLSERVER","WIN-0A8OOECUUJ4","Database","SQL server","-","Disabled","default","-","Extended","-","Appliance","-","-","","-","-","-","-","-","-","-","-","695","-"," -","-","-","-","Enterprise Evaluation Edition","-","Running","-","-"
"/subscriptions/ac866176-3fcf-43c6-817a-6309be256398/resourcegroups/mig11161437-rg/providers/microsoft.offazure/vmwaresites/mig11161437vmwaresite/machines/db73f8f2-624c-4a0f-905b-8c6f34442cbc_50158d28-dd55-bf69-6314-9badfcf55a6d","/subscriptions/ac866176-3fcf-43c6-817a-6309be256398/resourcegroups/mig11161437-rg/providers/microsoft.offazure/vmwaresites/mig11161437vmwaresite/machines/db73f8f2-624c-4a0f-905b-8c6f34442cbc_50158d28-dd55-bf69-6314-9badfcf55a6d","MySQLLinuxApp1","-","Server","Linux server","Ubuntu 20.04","Disabled","default","-1","Extended","-","Appliance","VMware","idclab-vcen67.fareast.corp.microsoft.com","","1","-","-","6","16384","1","80","Linux","1597","On","app130collector","-","-","-","-","-","-","-","10.150.101.223,2404:f801:4800:1c:96d0:21a9:7954:384a,2404:f801:4800:1c:e4ec:d3bd:41be:3ff2,2404:f801:4800:1c:93ce:e1bf:816e:351c,2404:f801:4800:1c:3473:80df:13b1:1cc1,2404:f801:4800:1c:15fc:30a1:7dca:90d6,2404:f801:4800:1c:c8ce:6086:db8b:339e,2404:f801:4800:1c:8c44:422c:934e:185d,2404:f801:4800:1c:cf7e:454e:40b2:4f63"
"/subscriptions/ac866176-3fcf-43c6-817a-6309be256398/resourcegroups/mig11161437-rg/providers/microsoft.offazure/vmwaresites/mig11161437vmwaresite/machines/db73f8f2-624c-4a0f-905b-8c6f34442cbc_50150e9a-c388-ce2c-1da0-e59e2e999cf8","/subscriptions/ac866176-3fcf-43c6-817a-6309be256398/resourcegroups/mig11161437-rg/providers/microsoft.offazure/vmwaresites/mig11161437vmwaresite/machines/db73f8f2-624c-4a0f-905b-8c6f34442cbc_50150e9a-c388-ce2c-1da0-e59e2e999cf8","MySQLLinuxApp2","-","Server","Linux server","Ubuntu 20.04","Disabled","default","-1","Extended","-","Appliance","VMware","idclab-vcen67.fareast.corp.microsoft.com","","1","-","-","6","16384","1","80","Linux","1597","On","app130collector","-","-","-","-","-","-","-","10.150.103.90,2404:f801:4800:1c:53c3:6285:bafe:66d6,2404:f801:4800:1c:20bc:5752:9a6:e780,2404:f801:4800:1c:6cd7:65e0:aa87:6d28,2404:f801:4800:1c:34c:8c39:e4a8:f17a,2404:f801:4800:1c:a05d:5d4a:3483:c94f,2404:f801:4800:1c:da4d:3a40:ccee:1d52,2404:f801:4800:1c:ea66:2411:9caa:d976,2404:f801:4800:1c:22be:f093:25d6:a91"
"/subscriptions/ac866176-3fcf-43c6-817a-6309be256398/resourcegroups/mig11161437-rg/providers/microsoft.offazure/vmwaresites/mig11161437vmwaresite/machines/db73f8f2-624c-4a0f-905b-8c6f34442cbc_5015c15e-3943-89b8-5515-b5f3ab0123e8","/subscriptions/ac866176-3fcf-43c6-817a-6309be256398/resourcegroups/mig11161437-rg/providers/microsoft.offazure/vmwaresites/mig11161437vmwaresite/machines/db73f8f2-624c-4a0f-905b-8c6f34442cbc_5015c15e-3943-89b8-5515-b5f3ab0123e8","MySQLLinuxApp4","-","Server","Windows server","Ubuntu (64-bit)","Disabled","default","-1","-","-1","Appliance","VMware","idclab-vcen67.fareast.corp.microsoft.com","","-1","-","-","6","16384","1","80","linuxguest","-","On","app130collector","-","-","-","-","-","-","-","-"
"/subscriptions/ac866176-3fcf-43c6-817a-6309be256398/resourcegroups/mig11161437-rg/providers/microsoft.offazure/vmwaresites/mig11161437vmwaresite/machines/db73f8f2-624c-4a0f-905b-8c6f34442cbc_5015d842-7fcd-fae1-4e96-ef795bc314e9","/subscriptions/ac866176-3fcf-43c6-817a-6309be256398/resourcegroups/mig11161437-rg/providers/microsoft.offazure/vmwaresites/mig11161437vmwaresite/machines/db73f8f2-624c-4a0f-905b-8c6f34442cbc_5015d842-7fcd-fae1-4e96-ef795bc314e9","MySQLLinuxApp5","-","Server","Linux server","Ubuntu 20.04","Disabled","default","-1","Extended","-","Appliance","VMware","idclab-vcen67.fareast.corp.microsoft.com","","1","-","-","6","16384","1","80","Linux","1597","On","app130collector","-","-","-","-","-","-","-","10.150.102.243,2404:f801:4800:1c:576a:8b8e:3915:4ebc,2404:f801:4800:1c:fa99:e9e6:e269:50b4,2404:f801:4800:1c:7b15:5215:d651:a796,2404:f801:4800:1c:f8b1:36d7:3e1:61f4,2404:f801:4800:1c:aba3:bcbf:3ec2:50fa,2404:f801:4800:1c:59bb:b2b7:b1f1:16a9,2404:f801:4800:1c:85ac:616e:26ea:17df,2404:f801:4800:1c:650c:3943:1ec2:afaa"
"/subscriptions/ac866176-3fcf-43c6-817a-6309be256398/resourcegroups/mig11161437-rg/providers/microsoft.offazure/vmwaresites/mig11161437vmwaresite/machines/db73f8f2-624c-4a0f-905b-8c6f34442cbc_50156955-9730-407b-9225-555e02cac74d","/subscriptions/ac866176-3fcf-43c6-817a-6309be256398/resourcegroups/mig11161437-rg/providers/microsoft.offazure/vmwaresites/mig11161437vmwaresite/machines/db73f8f2-624c-4a0f-905b-8c6f34442cbc_50156955-9730-407b-9225-555e02cac74d","MySQLWindowsApp1","-","Server","Windows server","Windows Server 2022 Server Standard","Disabled","default","-1","Mainstream","-","Appliance","VMware","idclab-vcen67.fareast.corp.microsoft.com","","1","-","-","4","16384","1","80","Windows","2158","On","app130collector","-","-","-","-","-","-","-","2404:f801:4800:1c:3e80:b31:aa34:da4d,10.150.101.131"
"/subscriptions/ac866176-3fcf-43c6-817a-6309be256398/resourcegroups/mig11161437-rg/providers/microsoft.offazure/vmwaresites/mig11161437vmwaresite/machines/db73f8f2-624c-4a0f-905b-8c6f34442cbc_501582c7-4765-8204-0417-aa5d109fd828","/subscriptions/ac866176-3fcf-43c6-817a-6309be256398/resourcegroups/mig11161437-rg/providers/microsoft.offazure/vmwaresites/mig11161437vmwaresite/machines/db73f8f2-624c-4a0f-905b-8c6f34442cbc_501582c7-4765-8204-0417-aa5d109fd828","MySQLWindowsApp2","-","Server","Windows server","Windows Server 2016 (64-bit)","Disabled","default","-1","Extended","-1","Appliance","VMware","idclab-vcen67.fareast.corp.microsoft.com","","-1","-","-","4","16384","1","80","windowsguest","422","Off","app130collector","-","-","-","-","-","-","-","2404:f801:4800:1c:9a60:5a5f:1076:44be,10.150.101.159"
"/subscriptions/ac866176-3fcf-43c6-817a-6309be256398/resourcegroups/mig11161437-rg/providers/microsoft.offazure/vmwaresites/mig11161437vmwaresite/machines/db73f8f2-624c-4a0f-905b-8c6f34442cbc_5015d5be-a112-cc2a-5c89-0f90bb2b4719","/subscriptions/ac866176-3fcf-43c6-817a-6309be256398/resourcegroups/mig11161437-rg/providers/microsoft.offazure/vmwaresites/mig11161437vmwaresite/machines/db73f8f2-624c-4a0f-905b-8c6f34442cbc_5015d5be-a112-cc2a-5c89-0f90bb2b4719","MySQLWindowsApp4","-","Server","Windows server","Windows Server 2016 (64-bit)","Disabled","default","-1","Extended","-1","Appliance","VMware","idclab-vcen67.fareast.corp.microsoft.com","","-","-","-","4","16384","1","80","windowsGuest","422","On","app130collector","-","-","-","-","-","-","-","2404:f801:4800:1c:c159:12a1:985b:9eee,10.150.103.52"
"/subscriptions/ac866176-3fcf-43c6-817a-6309be256398/resourcegroups/mig11161437-rg/providers/microsoft.offazure/vmwaresites/mig11161437vmwaresite/machines/db73f8f2-624c-4a0f-905b-8c6f34442cbc_50151ee3-8949-1144-0931-dc744bd5624f","/subscriptions/ac866176-3fcf-43c6-817a-6309be256398/resourcegroups/mig11161437-rg/providers/microsoft.offazure/vmwaresites/mig11161437vmwaresite/machines/db73f8f2-624c-4a0f-905b-8c6f34442cbc_50151ee3-8949-1144-0931-dc744bd5624f","MySQLWindowsApp5","-","Server","Windows server","Windows Server 2022 Server Standard","Disabled","default","-1","Mainstream","-","Appliance","VMware","idclab-vcen67.fareast.corp.microsoft.com","","1","-","-","4","16384","1","80","Windows","2158","On","app130collector","-","-","-","-","-","-","-","2404:f801:4800:1c:4a64:ab59:9ca4:873d,10.150.101.213"
"/subscriptions/ac866176-3fcf-43c6-817a-6309be256398/resourcegroups/mig11161437-rg/providers/microsoft.offazure/vmwaresites/mig11161437vmwaresite/machines/db73f8f2-624c-4a0f-905b-8c6f34442cbc_50153136-51fa-0a68-0df8-41d109d2ac33","/subscriptions/ac866176-3fcf-43c6-817a-6309be256398/resourcegroups/mig11161437-rg/providers/microsoft.offazure/vmwaresites/mig11161437vmwaresite/machines/db73f8f2-624c-4a0f-905b-8c6f34442cbc_50153136-51fa-0a68-0df8-41d109d2ac33","patelvishesh-sonic-ubuntu","-","Server","Linux server","Ubuntu 20.04","Disabled","default","-1","Extended","-","Appliance","VMware","idclab-vcen67.fareast.corp.microsoft.com","","1","-","-","6","16384","1","80","Linux","1597","On","app130collector","-","-","-","-","-","-","-","10.150.103.67,2404:f801:4800:1c:9381:23b3:7a16:d860,2404:f801:4800:1c:54f7:aa14:3445:19a8,2404:f801:4800:1c:a692:120d:ab80:dc1b,2404:f801:4800:1c:d71f:ab77:2f6f:f7e9,2404:f801:4800:1c:fcd9:ba21:9157:3736,2404:f801:4800:1c:6b92:9c35:c5d9:5e70,2404:f801:4800:1c:4133:dea2:8375:6d06,2404:f801:4800:1c:71b5:f4a:eff4:2a59"
"/subscriptions/ac866176-3fcf-43c6-817a-6309be256398/resourcegroups/mig11161437-rg/providers/microsoft.offazure/vmwaresites/mig11161437vmwaresite/machines/db73f8f2-624c-4a0f-905b-8c6f34442cbc_501583df-4405-a6e8-e593-b2750eac1c34","/subscriptions/ac866176-3fcf-43c6-817a-6309be256398/resourcegroups/mig11161437-rg/providers/microsoft.offazure/vmwaresites/mig11161437vmwaresite/machines/db73f8f2-624c-4a0f-905b-8c6f34442cbc_501583df-4405-a6e8-e593-b2750eac1c34","pgsql-selfhost-1","-","Server","Windows server","Windows Server 2022 Server Standard","Disabled","default","-1","Mainstream","-","Appliance","VMware","idclab-vcen67.fareast.corp.microsoft.com","","1","-","-","4","16384","1","80","Windows","2158","On","app130collector","-","-","-","-","-","-","-","2404:f801:4800:1c:ed4a:727a:1657:d91b,10.150.102.206"
"/subscriptions/ac866176-3fcf-43c6-817a-6309be256398/resourcegroups/mig11161437-rg/providers/microsoft.offazure/vmwaresites/mig11161437vmwaresite/machines/db73f8f2-624c-4a0f-905b-8c6f34442cbc_5015a6ae-b2c9-7f84-cf8d-31f55ad370c2","/subscriptions/ac866176-3fcf-43c6-817a-6309be256398/resourcegroups/mig11161437-rg/providers/microsoft.offazure/vmwaresites/mig11161437vmwaresite/machines/db73f8f2-624c-4a0f-905b-8c6f34442cbc_5015a6ae-b2c9-7f84-cf8d-31f55ad370c2","pgsql-selfhost-2","-","Server","Windows server","Windows Server 2022 Server Standard","Disabled","default","-1","Mainstream","2","Appliance","VMware","idclab-vcen67.fareast.corp.microsoft.com","","1","-","-","4","16384","1","80","Windows","2158","On","app130collector","-","-","-","-","-","-","-","2404:f801:4800:1c:da1f:2112:ce0f:7616,10.150.101.81"
"/subscriptions/ac866176-3fcf-43c6-817a-6309be256398/resourcegroups/mig11161437-rg/providers/microsoft.offazure/vmwaresites/mig11161437vmwaresite/machines/db73f8f2-624c-4a0f-905b-8c6f34442cbc_50153778-9b2c-3dd9-51ed-c0b2b777973c","/subscriptions/ac866176-3fcf-43c6-817a-6309be256398/resourcegroups/mig11161437-rg/providers/microsoft.offazure/vmwaresites/mig11161437vmwaresite/machines/db73f8f2-624c-4a0f-905b-8c6f34442cbc_50153778-9b2c-3dd9-51ed-c0b2b777973c","pgsql-selfhost-4","-","Server","Windows server","Windows Server 2022 Server Standard","Disabled","default","-1","Mainstream","-","Appliance","VMware","idclab-vcen67.fareast.corp.microsoft.com","","1","-","-","4","16384","1","80","Windows","2158","On","app130collector","-","-","-","-","-","-","-","2404:f801:4800:1c:c9b6:cb44:58ff:d33e,10.150.101.33"
"/subscriptions/ac866176-3fcf-43c6-817a-6309be256398/resourcegroups/mig11161437-rg/providers/microsoft.offazure/vmwaresites/mig11161437vmwaresite/machines/db73f8f2-624c-4a0f-905b-8c6f34442cbc_5015640f-f4ed-6685-f7e6-5e8d2f85df24","/subscriptions/ac866176-3fcf-43c6-817a-6309be256398/resourcegroups/mig11161437-rg/providers/microsoft.offazure/vmwaresites/mig11161437vmwaresite/machines/db73f8f2-624c-4a0f-905b-8c6f34442cbc_5015640f-f4ed-6685-f7e6-5e8d2f85df24","pgsql-selfhost-5","-","Server","Windows server","Windows Server 2022 Server Standard","Disabled","default","-1","Mainstream","-","Appliance","VMware","idclab-vcen67.fareast.corp.microsoft.com","","-","-","-","4","16384","1","80","Windows","2158","On","app130collector","-","-","-","-","-","-","-","2404:f801:4800:1c:d015:6174:dd77:7e85,10.150.102.216"
"/subscriptions/ac866176-3fcf-43c6-817a-6309be256398/resourcegroups/mig11161437-rg/providers/microsoft.offazure/vmwaresites/mig11161437vmwaresite/machines/db73f8f2-624c-4a0f-905b-8c6f34442cbc_5015f4d9-8c5a-e47e-265c-1e1f02aac260","/subscriptions/ac866176-3fcf-43c6-817a-6309be256398/resourcegroups/mig11161437-rg/providers/microsoft.offazure/vmwaresites/mig11161437vmwaresite/machines/db73f8f2-624c-4a0f-905b-8c6f34442cbc_5015f4d9-8c5a-e47e-265c-1e1f02aac260","pgsql-selfhost-6","-","Server","Windows server","Windows Server 2016 (64-bit)","Disabled","default","-1","Extended","-1","Appliance","VMware","idclab-vcen67.fareast.corp.microsoft.com","","-1","-","-","4","16384","1","80","windowsguest","422","Off","app130collector","-","-","-","-","-","-","-","-"
"/subscriptions/ac866176-3fcf-43c6-817a-6309be256398/resourcegroups/mig11161437-rg/providers/microsoft.offazure/vmwaresites/mig11161437vmwaresite/machines/db73f8f2-624c-4a0f-905b-8c6f34442cbc_501595b6-40c6-eb14-1a5e-f1d79193952f","/subscriptions/ac866176-3fcf-43c6-817a-6309be256398/resourcegroups/mig11161437-rg/providers/microsoft.offazure/vmwaresites/mig11161437vmwaresite/machines/db73f8f2-624c-4a0f-905b-8c6f34442cbc_501595b6-40c6-eb14-1a5e-f1d79193952f","pgsql-selfhost-7","-","Server","Windows server","Windows Server 2022 Server Standard","Disabled","default","-1","Mainstream","2","Appliance","VMware","idclab-vcen67.fareast.corp.microsoft.com","","1","-","-","4","16384","1","80","Windows","2158","On","app130collector","-","-","-","-","-","-","-","2404:f801:4800:1c:6d2a:3524:7bf2:2446,10.150.103.1"
"/subscriptions/ac866176-3fcf-43c6-817a-6309be256398/resourcegroups/mig11161437-rg/providers/microsoft.offazure/vmwaresites/mig11161437vmwaresite/machines/db73f8f2-624c-4a0f-905b-8c6f34442cbc_50154d13-01a7-8999-94c1-7604446438ba","/subscriptions/ac866176-3fcf-43c6-817a-6309be256398/resourcegroups/mig11161437-rg/providers/microsoft.offazure/vmwaresites/mig11161437vmwaresite/machines/db73f8f2-624c-4a0f-905b-8c6f34442cbc_50154d13-01a7-8999-94c1-7604446438ba","pgsql-selfhost-8","-","Server","Windows server","Windows Server 2022 Server Standard","Disabled","default","-1","Mainstream","-","Appliance","VMware","idclab-vcen67.fareast.corp.microsoft.com","","1","-","-","4","16384","1","80","Windows","2158","On","app130collector","-","-","-","-","-","-","-","2404:f801:4800:1c:6449:168d:b43:80a0,10.150.101.123"
"/subscriptions/ac866176-3fcf-43c6-817a-6309be256398/resourcegroups/mig11161437-rg/providers/microsoft.applicationmigration/pgsqlsites/mig11161437pgsql/pgsqlinstances/90271868184868487630235789701909","/subscriptions/ac866176-3fcf-43c6-817a-6309be256398/resourcegroups/mig11161437-rg/providers/microsoft.offazure/vmwaresites/mig11161437vmwaresite/machines/db73f8f2-624c-4a0f-905b-8c6f34442cbc_5015a6ae-b2c9-7f84-cf8d-31f55ad370c2","PGSQL-SELFHOST-:5432","-","Database","PostgreSQL server","17.5","Disabled","default","-","Mainstream","-","Appliance","-","-","{}","-","-","-","-","16383","-","-","-","-","-"," -","-","-","-","Unknown","-","-","-","-"
"/subscriptions/ac866176-3fcf-43c6-817a-6309be256398/resourcegroups/mig11161437-rg/providers/microsoft.applicationmigration/pgsqlsites/mig11161437pgsql/pgsqlinstances/71295393203415400480527015950518","/subscriptions/ac866176-3fcf-43c6-817a-6309be256398/resourcegroups/mig11161437-rg/providers/microsoft.offazure/vmwaresites/mig11161437vmwaresite/machines/db73f8f2-624c-4a0f-905b-8c6f34442cbc_50153778-9b2c-3dd9-51ed-c0b2b777973c","PGSQL-SELFHOST4:5432","-","Database","PostgreSQL server","17.5","Disabled","default","-","Mainstream","-","Appliance","-","-","{}","-","-","-","-","16383","-","-","-","-","-"," -","-","-","-","Unknown","-","-","-","-"
"/subscriptions/ac866176-3fcf-43c6-817a-6309be256398/resourcegroups/mig11161437-rg/providers/microsoft.applicationmigration/pgsqlsites/mig11161437pgsql/pgsqlinstances/60330020401242183306815398842112","/subscriptions/ac866176-3fcf-43c6-817a-6309be256398/resourcegroups/mig11161437-rg/providers/microsoft.offazure/vmwaresites/mig11161437vmwaresite/machines/db73f8f2-624c-4a0f-905b-8c6f34442cbc_5015640f-f4ed-6685-f7e6-5e8d2f85df24","PGSQL-SELFHOST5:5432","-","Database","PostgreSQL server","17.5","Disabled","default","-","Mainstream","-","Appliance","-","-","{}","-","-","-","-","16383","-","-","-","-","-"," -","-","-","-","Unknown","-","-","-","-"
"/subscriptions/ac866176-3fcf-43c6-817a-6309be256398/resourcegroups/mig11161437-rg/providers/microsoft.applicationmigration/pgsqlsites/mig11161437pgsql/pgsqlinstances/40093721044342847408217716225094","/subscriptions/ac866176-3fcf-43c6-817a-6309be256398/resourcegroups/mig11161437-rg/providers/microsoft.offazure/vmwaresites/mig11161437vmwaresite/machines/db73f8f2-624c-4a0f-905b-8c6f34442cbc_50154d13-01a7-8999-94c1-7604446438ba","PGSQL-SELFHOST8:5432","-","Database","PostgreSQL server","17.5","Disabled","default","-","Mainstream","-","Appliance","-","-","{}","-","-","-","-","16383","-","-","-","-","-"," -","-","-","-","Unknown","-","-","-","-"
"/subscriptions/ac866176-3fcf-43c6-817a-6309be256398/resourcegroups/mig11161437-rg/providers/microsoft.applicationmigration/pgsqlsites/mig11161437pgsql/pgsqlinstances/78324530039789891344552066987533","/subscriptions/ac866176-3fcf-43c6-817a-6309be256398/resourcegroups/mig11161437-rg/providers/microsoft.offazure/vmwaresites/mig11161437vmwaresite/machines/db73f8f2-624c-4a0f-905b-8c6f34442cbc_50158a9d-4048-4be4-8054-f7d715bf5eb8","pgsql-ubuntu-01:5432","-","Database","PostgreSQL server","16","Disabled","default","-","Mainstream","-","Appliance","-","-","{}","-","-","-","-","-","-","-","-","-","-"," -","-","-","-","Unknown","-","-","-","-"
"/subscriptions/ac866176-3fcf-43c6-817a-6309be256398/resourcegroups/mig11161437-rg/providers/microsoft.applicationmigration/pgsqlsites/mig11161437pgsql/pgsqlinstances/12644355510651861791095315094928","/subscriptions/ac866176-3fcf-43c6-817a-6309be256398/resourcegroups/mig11161437-rg/providers/microsoft.offazure/vmwaresites/mig11161437vmwaresite/machines/db73f8f2-624c-4a0f-905b-8c6f34442cbc_5015d12c-3ec6-bf28-d3af-5bd3cfcbe7e0","pgsql-ubuntu-02:5432","-","Database","PostgreSQL server","16.9","Disabled","default","-","Mainstream","-","Appliance","-","-","{}","-","-","-","-","15989","-","-","-","-","-"," -","-","-","-","Unknown","-","-","-","-"
"/subscriptions/ac866176-3fcf-43c6-817a-6309be256398/resourcegroups/mig11161437-rg/providers/microsoft.applicationmigration/pgsqlsites/mig11161437pgsql/pgsqlinstances/42976527253252400848980540881829","/subscriptions/ac866176-3fcf-43c6-817a-6309be256398/resourcegroups/mig11161437-rg/providers/microsoft.offazure/vmwaresites/mig11161437vmwaresite/machines/db73f8f2-624c-4a0f-905b-8c6f34442cbc_50155843-e90d-b6aa-3d80-b8ef3119cb87","pgsql-ubuntu-02:5432","-","Database","PostgreSQL server","12.22","Disabled","default","-","OutOfSupport","-","Appliance","-","-","{}","-","-","-","-","15989","-","-","-","-","-"," -","-","-","-","Unknown","-","-","-","-"
"/subscriptions/ac866176-3fcf-43c6-817a-6309be256398/resourcegroups/mig11161437-rg/providers/microsoft.offazure/vmwaresites/mig11161437vmwaresite/machines/db73f8f2-624c-4a0f-905b-8c6f34442cbc_501551fa-3b15-37cc-22e6-5ac601820c82","/subscriptions/ac866176-3fcf-43c6-817a-6309be256398/resourcegroups/mig11161437-rg/providers/microsoft.offazure/vmwaresites/mig11161437vmwaresite/machines/db73f8f2-624c-4a0f-905b-8c6f34442cbc_501551fa-3b15-37cc-22e6-5ac601820c82","PGSQLDebian","-","Server","Windows server","Debian GNU/Linux 10 (64-bit)","Disabled","default","-1","-","-1","Appliance","VMware","idclab-vcen67.fareast.corp.microsoft.com","","-1","-","-","6","24576","1","100","linuxguest","-","Off","app130collector","-","-","-","-","-","-","-","-"
"/subscriptions/ac866176-3fcf-43c6-817a-6309be256398/resourcegroups/mig11161437-rg/providers/microsoft.offazure/vmwaresites/mig11161437vmwaresite/machines/db73f8f2-624c-4a0f-905b-8c6f34442cbc_5015cbe5-4eda-a29d-ba0a-05c5088cca99","/subscriptions/ac866176-3fcf-43c6-817a-6309be256398/resourcegroups/mig11161437-rg/providers/microsoft.offazure/vmwaresites/mig11161437vmwaresite/machines/db73f8f2-624c-4a0f-905b-8c6f34442cbc_5015cbe5-4eda-a29d-ba0a-05c5088cca99","PGSQLDebian-2","-","Server","Windows server","Debian GNU/Linux 10 (64-bit)","Disabled","default","-1","-","-1","Appliance","VMware","idclab-vcen67.fareast.corp.microsoft.com","","-1","-","-","6","24576","1","80","linuxguest","-","On","app130collector","-","-","-","-","-","-","-","-"
"/subscriptions/ac866176-3fcf-43c6-817a-6309be256398/resourcegroups/mig11161437-rg/providers/microsoft.offazure/vmwaresites/mig11161437vmwaresite/machines/db73f8f2-624c-4a0f-905b-8c6f34442cbc_5015e933-b2de-fe1f-8729-77e91fa84040","/subscriptions/ac866176-3fcf-43c6-817a-6309be256398/resourcegroups/mig11161437-rg/providers/microsoft.offazure/vmwaresites/mig11161437vmwaresite/machines/db73f8f2-624c-4a0f-905b-8c6f34442cbc_5015e933-b2de-fe1f-8729-77e91fa84040","PGSQLSelfHost-hagidra","-","Server","Windows server","Windows Server 2016 (64-bit)","Disabled","default","-1","Extended","-1","Appliance","VMware","idclab-vcen67.fareast.corp.microsoft.com","","-","-","-","4","16384","1","80","windowsGuest","422","On","app130collector","-","-","-","-","-","-","-","2404:f801:4800:1c:1a78:f36f:a6ad:ee99,10.150.101.124"
"/subscriptions/ac866176-3fcf-43c6-817a-6309be256398/resourcegroups/mig11161437-rg/providers/microsoft.offazure/vmwaresites/mig11161437vmwaresite/machines/db73f8f2-624c-4a0f-905b-8c6f34442cbc_5015ba56-edb6-ea1d-8124-8050be994b79","/subscriptions/ac866176-3fcf-43c6-817a-6309be256398/resourcegroups/mig11161437-rg/providers/microsoft.offazure/vmwaresites/mig11161437vmwaresite/machines/db73f8f2-624c-4a0f-905b-8c6f34442cbc_5015ba56-edb6-ea1d-8124-8050be994b79","PGSQLSelfHost-patelvishesh-ccy-01","-","Server","Windows server","Windows Server 2022 Server Standard","Disabled","default","-1","Mainstream","-","Appliance","VMware","idclab-vcen67.fareast.corp.microsoft.com","","1","-","-","4","16384","1","80","Windows","2158","On","app130collector","-","-","-","-","-","-","-","2404:f801:4800:1c:1b23:85e4:39c2:56ca,10.150.101.35"
"/subscriptions/ac866176-3fcf-43c6-817a-6309be256398/resourcegroups/mig11161437-rg/providers/microsoft.offazure/vmwaresites/mig11161437vmwaresite/machines/db73f8f2-624c-4a0f-905b-8c6f34442cbc_5015f22a-0530-3798-8a48-cdb785388a6a","/subscriptions/ac866176-3fcf-43c6-817a-6309be256398/resourcegroups/mig11161437-rg/providers/microsoft.offazure/vmwaresites/mig11161437vmwaresite/machines/db73f8f2-624c-4a0f-905b-8c6f34442cbc_5015f22a-0530-3798-8a48-cdb785388a6a","PGSQLSelfHost-patelvishesh-ccy-04","-","Server","Windows server","Windows Server 2022 Server Standard","Disabled","default","-1","Mainstream","2","Appliance","VMware","idclab-vcen67.fareast.corp.microsoft.com","","1","-","-","4","16384","1","80","Windows","2158","On","app130collector","-","-","-","-","-","-","-","2404:f801:4800:1c:dab0:c43:de68:9638,10.150.103.11"
"/subscriptions/ac866176-3fcf-43c6-817a-6309be256398/resourcegroups/mig11161437-rg/providers/microsoft.offazure/vmwaresites/mig11161437vmwaresite/machines/db73f8f2-624c-4a0f-905b-8c6f34442cbc_5015d12c-3ec6-bf28-d3af-5bd3cfcbe7e0","/subscriptions/ac866176-3fcf-43c6-817a-6309be256398/resourcegroups/mig11161437-rg/providers/microsoft.offazure/vmwaresites/mig11161437vmwaresite/machines/db73f8f2-624c-4a0f-905b-8c6f34442cbc_5015d12c-3ec6-bf28-d3af-5bd3cfcbe7e0","PGSQLStressTest","-","Server","Linux server","Ubuntu 20.04","Disabled","default","-1","Extended","-","Appliance","VMware","idclab-vcen67.fareast.corp.microsoft.com","","-","-","-","6","16384","1","80","Linux","1597","On","app130collector","-","-","-","-","-","-","-","10.150.102.193,2404:f801:4800:1c:ed4d:54e2:57eb:926f,2404:f801:4800:1c:1964:4feb:bd10:840a,2404:f801:4800:1c:c3d1:1958:8e4d:81fc,2404:f801:4800:1c:66f3:e499:3046:2da0,2404:f801:4800:1c:afff:1a1a:d2a3:cdbc,2404:f801:4800:1c:4116:9212:ec16:9518,2404:f801:4800:1c:9b62:b38d:fdf1:42ad,2404:f801:4800:1c:f762:839f:5a49:80ca"
"/subscriptions/ac866176-3fcf-43c6-817a-6309be256398/resourcegroups/mig11161437-rg/providers/microsoft.offazure/vmwaresites/mig11161437vmwaresite/machines/db73f8f2-624c-4a0f-905b-8c6f34442cbc_50158a9d-4048-4be4-8054-f7d715bf5eb8","/subscriptions/ac866176-3fcf-43c6-817a-6309be256398/resourcegroups/mig11161437-rg/providers/microsoft.offazure/vmwaresites/mig11161437vmwaresite/machines/db73f8f2-624c-4a0f-905b-8c6f34442cbc_50158a9d-4048-4be4-8054-f7d715bf5eb8","PGSQLUbuntu","-","Server","Linux server","Ubuntu 20.04","Disabled","default","-1","Extended","-","Appliance","VMware","idclab-vcen67.fareast.corp.microsoft.com","","-","-","-","6","16384","1","80","Linux","1597","On","app130collector","-","-","-","-","-","-","-","10.150.102.185,2404:f801:4800:1c:79ac:2f:6ad5:8712,2404:f801:4800:1c:3214:bcea:417:20fc,2404:f801:4800:1c:6634:6e9f:f704:907b,2404:f801:4800:1c:4336:9388:f157:31f7,2404:f801:4800:1c:28c5:aeef:ec35:2057,2404:f801:4800:1c:7d9b:4ecb:46bc:eb4f,2404:f801:4800:1c:ba39:dee4:b17b:3f64,2404:f801:4800:1c:952f:3edb:170b:2544"
"/subscriptions/ac866176-3fcf-43c6-817a-6309be256398/resourcegroups/mig11161437-rg/providers/microsoft.offazure/vmwaresites/mig11161437vmwaresite/machines/db73f8f2-624c-4a0f-905b-8c6f34442cbc_50155843-e90d-b6aa-3d80-b8ef3119cb87","/subscriptions/ac866176-3fcf-43c6-817a-6309be256398/resourcegroups/mig11161437-rg/providers/microsoft.offazure/vmwaresites/mig11161437vmwaresite/machines/db73f8f2-624c-4a0f-905b-8c6f34442cbc_50155843-e90d-b6aa-3d80-b8ef3119cb87","PGSQLUbuntu-2","-","Server","Linux server","Ubuntu 20.04","Disabled","default","-1","Extended","-","Appliance","VMware","idclab-vcen67.fareast.corp.microsoft.com","","1","-","-","6","16384","1","80","Linux","1597","On","app130collector","-","-","-","-","-","-","-","10.150.102.194,2404:f801:4800:1c:e299:3bc6:2043:2502,2404:f801:4800:1c:e5b3:44b5:602b:5c6c,2404:f801:4800:1c:d58a:4caf:938:c72a,2404:f801:4800:1c:dde9:47e2:62ff:250,2404:f801:4800:1c:74b1:2fea:d570:aa99,2404:f801:4800:1c:1d9e:8cae:a00c:510e,2404:f801:4800:1c:36bb:8c49:d6ff:5ba1,2404:f801:4800:1c:ed57:6e42:d311:5058"
"/subscriptions/ac866176-3fcf-43c6-817a-6309be256398/resourcegroups/mig11161437-rg/providers/microsoft.offazure/vmwaresites/mig11161437vmwaresite/machines/db73f8f2-624c-4a0f-905b-8c6f34442cbc_5015218b-f1b4-c83f-6ec2-0b1118ce8ce2","/subscriptions/ac866176-3fcf-43c6-817a-6309be256398/resourcegroups/mig11161437-rg/providers/microsoft.offazure/vmwaresites/mig11161437vmwaresite/machines/db73f8f2-624c-4a0f-905b-8c6f34442cbc_5015218b-f1b4-c83f-6ec2-0b1118ce8ce2","PGSQLWindows","-","Server","Windows server","Windows Server 2022 Server Standard","Disabled","default","-1","Mainstream","2","Appliance","VMware","idclab-vcen67.fareast.corp.microsoft.com","","-","-","-","4","16384","1","80","Windows","2158","On","app130collector","-","-","-","-","-","-","-","2404:f801:4800:1c:3e48:5f70:b83f:54f8,10.150.101.165"
"/subscriptions/ac866176-3fcf-43c6-817a-6309be256398/resourcegroups/mig11161437-rg/providers/microsoft.offazure/vmwaresites/mig11161437vmwaresite/machines/db73f8f2-624c-4a0f-905b-8c6f34442cbc_50159144-8ec4-8bab-5d10-ea2a219ef451","/subscriptions/ac866176-3fcf-43c6-817a-6309be256398/resourcegroups/mig11161437-rg/providers/microsoft.offazure/vmwaresites/mig11161437vmwaresite/machines/db73f8f2-624c-4a0f-905b-8c6f34442cbc_50159144-8ec4-8bab-5d10-ea2a219ef451","PGSQLWindows-2","-","Server","Windows server","Windows Server 2022 Server Standard","Disabled","default","-1","Mainstream","2","Appliance","VMware","idclab-vcen67.fareast.corp.microsoft.com","","1","-","-","4","16384","1","80","Windows","2158","On","app130collector","-","-","-","-","-","-","-","2404:f801:4800:1c:ba65:5172:5e08:2f70,10.150.100.246"
"/subscriptions/ac866176-3fcf-43c6-817a-6309be256398/resourcegroups/mig11161437-rg/providers/microsoft.applicationmigration/pgsqlsites/mig11161437pgsql/pgsqlinstances/00667680854913256520035847911822","/subscriptions/ac866176-3fcf-43c6-817a-6309be256398/resourcegroups/mig11161437-rg/providers/microsoft.offazure/vmwaresites/mig11161437vmwaresite/machines/db73f8f2-624c-4a0f-905b-8c6f34442cbc_5015d842-7fcd-fae1-4e96-ef795bc314e9","ubuntu-mysql-bb5:5432","-","Database","PostgreSQL server","14.18","Disabled","default","-","Mainstream","-","Appliance","-","-","{}","-","-","-","-","15989","-","-","-","-","-"," -","-","-","-","Unknown","-","-","-","-"
"/subscriptions/ac866176-3fcf-43c6-817a-6309be256398/resourcegroups/mig11161437-rg/providers/microsoft.applicationmigration/pgsqlsites/mig11161437pgsql/pgsqlinstances/61437941318199139361296232613807","/subscriptions/ac866176-3fcf-43c6-817a-6309be256398/resourcegroups/mig11161437-rg/providers/microsoft.offazure/vmwaresites/mig11161437vmwaresite/machines/db73f8f2-624c-4a0f-905b-8c6f34442cbc_5015d842-7fcd-fae1-4e96-ef795bc314e9","ubuntu-mysql-bb5:5433","-","Database","PostgreSQL server","12.22","Disabled","default","-","OutOfSupport","-","Appliance","-","-","{}","-","-","-","-","15989","-","-","-","-","-"," -","-","-","-","Unknown","-","-","-","-"
"/subscriptions/ac866176-3fcf-43c6-817a-6309be256398/resourcegroups/mig11161437-rg/providers/microsoft.applicationmigration/pgsqlsites/mig11161437pgsql/pgsqlinstances/55996955051669776104192999150111","/subscriptions/ac866176-3fcf-43c6-817a-6309be256398/resourcegroups/mig11161437-rg/providers/microsoft.offazure/vmwaresites/mig11161437vmwaresite/machines/db73f8f2-624c-4a0f-905b-8c6f34442cbc_5015d842-7fcd-fae1-4e96-ef795bc314e9","ubuntu-mysql-bb5:5434","-","Database","PostgreSQL server","13.21","Disabled","default","-","Mainstream","-","Appliance","-","-","{}","-","-","-","-","15989","-","-","-","-","-"," -","-","-","-","Unknown","-","-","-","-"
"/subscriptions/ac866176-3fcf-43c6-817a-6309be256398/resourcegroups/mig11161437-rg/providers/microsoft.offazure/vmwaresites/mig11161437vmwaresite/machines/fe531d23-4bdb-4e72-b7cd-0bb230061bda_500f2a83-b10d-fbf9-f909-9481ccae1d40","/subscriptions/ac866176-3fcf-43c6-817a-6309be256398/resourcegroups/mig11161437-rg/providers/microsoft.offazure/vmwaresites/mig11161437vmwaresite/machines/fe531d23-4bdb-4e72-b7cd-0bb230061bda_500f2a83-b10d-fbf9-f909-9481ccae1d40","VM-GQLAG01","-","Server","Windows server","Windows Server 2016 (64-bit)","Disabled","default","-1","Extended","-1","Appliance","VMware","contoso-vcen70.fareast.corp.microsoft.com","","-1","-","-","4","8192","1","100","windowsGuest","422","On","app130collector","-","-","-","-","-","-","-","10.150.12.223"
"/subscriptions/ac866176-3fcf-43c6-817a-6309be256398/resourcegroups/mig11161437-rg/providers/microsoft.offazure/vmwaresites/mig11161437vmwaresite/machines/fe531d23-4bdb-4e72-b7cd-0bb230061bda_500f40d7-4d85-7a4b-f80f-6d88f2e8cc32","/subscriptions/ac866176-3fcf-43c6-817a-6309be256398/resourcegroups/mig11161437-rg/providers/microsoft.offazure/vmwaresites/mig11161437vmwaresite/machines/fe531d23-4bdb-4e72-b7cd-0bb230061bda_500f40d7-4d85-7a4b-f80f-6d88f2e8cc32","VM-GQLAG02","-","Server","Windows server","Windows Server 2022 Server Datacenter","Disabled","default","-1","Mainstream","2","Appliance","VMware","contoso-vcen70.fareast.corp.microsoft.com","","1","-","-","4","8192","1","100","Windows","2158","On","app130collector","-","-","-","-","-","-","-","2404:f801:4800:25:7d07:1ef1:c01a:afa5,10.150.12.241,10.150.9.193"
"/subscriptions/ac866176-3fcf-43c6-817a-6309be256398/resourcegroups/mig11161437-rg/providers/microsoft.offazure/vmwaresites/mig11161437vmwaresite/machines/fe531d23-4bdb-4e72-b7cd-0bb230061bda_500fadaf-6d55-d4ef-53f9-3dda67f1b754","/subscriptions/ac866176-3fcf-43c6-817a-6309be256398/resourcegroups/mig11161437-rg/providers/microsoft.offazure/vmwaresites/mig11161437vmwaresite/machines/fe531d23-4bdb-4e72-b7cd-0bb230061bda_500fadaf-6d55-d4ef-53f9-3dda67f1b754","VM-GQLVM04","-","Server","Windows server","Windows Server 2019 Server Datacenter","Disabled","default","-1","Extended","-","Appliance","VMware","contoso-vcen70.fareast.corp.microsoft.com","","1","-","-","2","4096","1","60","Windows","1150","On","app130collector","-","-","-","-","-","-","-","2404:f801:4800:25:4d9c:7d3b:afbc:c501,10.150.9.165"
"/subscriptions/ac866176-3fcf-43c6-817a-6309be256398/resourcegroups/mig11161437-rg/providers/microsoft.offazure/vmwaresites/mig11161437vmwaresite/machines/fe531d23-4bdb-4e72-b7cd-0bb230061bda_500f184d-8f5e-e039-4cdb-c59f57e20f2c","/subscriptions/ac866176-3fcf-43c6-817a-6309be256398/resourcegroups/mig11161437-rg/providers/microsoft.offazure/vmwaresites/mig11161437vmwaresite/machines/fe531d23-4bdb-4e72-b7cd-0bb230061bda_500f184d-8f5e-e039-4cdb-c59f57e20f2c","VM-GQLVM05","-","Server","Windows server","Windows Server 2022 Server Datacenter","Disabled","default","-1","Mainstream","2","Appliance","VMware","contoso-vcen70.fareast.corp.microsoft.com","","1","-","-","4","8192","1","100","Windows","2158","On","app130collector","-","-","-","-","-","-","-","2404:f801:4800:25:60c1:5208:1bf1:722f,10.150.13.19,2404:f801:4800:25:211:6a2:89e9:ce52,10.150.13.23,10.150.13.27"
"/subscriptions/ac866176-3fcf-43c6-817a-6309be256398/resourcegroups/mig11161437-rg/providers/microsoft.offazure/vmwaresites/mig11161437vmwaresite/machines/fe531d23-4bdb-4e72-b7cd-0bb230061bda_500fff03-354f-2a21-d78c-e1ede59856a7","/subscriptions/ac866176-3fcf-43c6-817a-6309be256398/resourcegroups/mig11161437-rg/providers/microsoft.offazure/vmwaresites/mig11161437vmwaresite/machines/fe531d23-4bdb-4e72-b7cd-0bb230061bda_500fff03-354f-2a21-d78c-e1ede59856a7","VM-GQLVM06","-","Server","Windows server","Windows Server 2022 Server Datacenter","Disabled","default","-1","Mainstream","2","Appliance","VMware","contoso-vcen70.fareast.corp.microsoft.com","","1","-","-","4","8192","1","100","Windows","2158","On","app130collector","-","-","-","-","-","-","-","2404:f801:4800:25:647d:1cc4:f2f0:c8ad,2404:f801:4800:25:f2c6:ca90:5c24:7e48,10.150.9.254,10.150.13.28,2404:f801:4800:25:4e81:dc02:af68:cc32,10.150.10.5"
"/subscriptions/ac866176-3fcf-43c6-817a-6309be256398/resourcegroups/mig11161437-rg/providers/microsoft.offazure/vmwaresites/mig11161437vmwaresite/machines/fe531d23-4bdb-4e72-b7cd-0bb230061bda_500f02cc-aa0f-1e77-7231-a21216f856ff","/subscriptions/ac866176-3fcf-43c6-817a-6309be256398/resourcegroups/mig11161437-rg/providers/microsoft.offazure/vmwaresites/mig11161437vmwaresite/machines/fe531d23-4bdb-4e72-b7cd-0bb230061bda_500f02cc-aa0f-1e77-7231-a21216f856ff","VM-GQLVM07","-","Server","Windows server","Windows Server 2022 Server Datacenter","Disabled","default","-1","Mainstream","2","Appliance","VMware","contoso-vcen70.fareast.corp.microsoft.com","","1","-","-","4","8192","1","100","Windows","2158","On","app130collector","-","-","-","-","-","-","-","2404:f801:4800:25:ee9c:cca0:dc72:c504,10.150.13.21,2404:f801:4800:25:a6bd:8a0e:eed2:ef7e,2404:f801:4800:25:a506:1191:5e1:f093,10.150.10.4,10.150.10.8"
"/subscriptions/ac866176-3fcf-43c6-817a-6309be256398/resourcegroups/mig11161437-rg/providers/microsoft.offazure/vmwaresites/mig11161437vmwaresite/machines/fe531d23-4bdb-4e72-b7cd-0bb230061bda_500f281e-477c-1618-045f-c44db285b012","/subscriptions/ac866176-3fcf-43c6-817a-6309be256398/resourcegroups/mig11161437-rg/providers/microsoft.offazure/vmwaresites/mig11161437vmwaresite/machines/fe531d23-4bdb-4e72-b7cd-0bb230061bda_500f281e-477c-1618-045f-c44db285b012","VM-GQLVM08","-","Server","Windows server","Windows Server 2022 Server Datacenter","Disabled","default","-1","Mainstream","2","Appliance","VMware","contoso-vcen70.fareast.corp.microsoft.com","","1","-","-","4","8192","1","100","Windows","2158","On","app130collector","-","-","-","-","-","-","-","2404:f801:4800:25:1f18:5c71:972b:8464,10.150.10.1,10.150.13.29,2404:f801:4800:25:49ab:4d6e:423a:b6,10.150.10.6"
"/subscriptions/ac866176-3fcf-43c6-817a-6309be256398/resourcegroups/mig11161437-rg/providers/microsoft.offazure/vmwaresites/mig11161437vmwaresite/machines/fe531d23-4bdb-4e72-b7cd-0bb230061bda_500f2ced-d8fc-cd5c-893e-d6358c452a36","/subscriptions/ac866176-3fcf-43c6-817a-6309be256398/resourcegroups/mig11161437-rg/providers/microsoft.offazure/vmwaresites/mig11161437vmwaresite/machines/fe531d23-4bdb-4e72-b7cd-0bb230061bda_500f2ced-d8fc-cd5c-893e-d6358c452a36","VM-GQLVM09","-","Server","Windows server","Windows Server 2022 Server Datacenter","Disabled","default","-1","Mainstream","2","Appliance","VMware","contoso-vcen70.fareast.corp.microsoft.com","","1","-","-","4","8192","1","80","Windows","2158","On","app130collector","-","-","-","-","-","-","-","2404:f801:4800:25:764f:3bc0:f757:ffce,10.150.9.202"
"/subscriptions/ac866176-3fcf-43c6-817a-6309be256398/resourcegroups/mig11161437-rg/providers/microsoft.offazure/vmwaresites/mig11161437vmwaresite/machines/fe531d23-4bdb-4e72-b7cd-0bb230061bda_500f483c-603c-163b-4b7b-262dae26b60f","/subscriptions/ac866176-3fcf-43c6-817a-6309be256398/resourcegroups/mig11161437-rg/providers/microsoft.offazure/vmwaresites/mig11161437vmwaresite/machines/fe531d23-4bdb-4e72-b7cd-0bb230061bda_500f483c-603c-163b-4b7b-262dae26b60f","VM-GQLVM10","-","Server","Windows server","Windows Server 2022 Server Datacenter","Disabled","default","-1","Mainstream","2","Appliance","VMware","contoso-vcen70.fareast.corp.microsoft.com","","1","-","-","4","8192","1","80","Windows","2158","On","app130collector","-","-","-","-","-","-","-","2404:f801:4800:25:cf9b:af19:dad0:23b8,10.150.12.245"
"/subscriptions/ac866176-3fcf-43c6-817a-6309be256398/resourcegroups/mig11161437-rg/providers/microsoft.offazure/vmwaresites/mig11161437vmwaresite/machines/db73f8f2-624c-4a0f-905b-8c6f34442cbc_5015891a-b3c0-f555-9fa9-fff3feb858f9","/subscriptions/ac866176-3fcf-43c6-817a-6309be256398/resourcegroups/mig11161437-rg/providers/microsoft.offazure/vmwaresites/mig11161437vmwaresite/machines/db73f8f2-624c-4a0f-905b-8c6f34442cbc_5015891a-b3c0-f555-9fa9-fff3feb858f9","win-ContosoUniversity-backend","-","Server","Windows server","Windows Server 2022 Server Standard","Disabled","default","-1","Mainstream","-","Appliance","VMware","idclab-vcen67.fareast.corp.microsoft.com","","-","-","-","4","16384","1","80","Windows","2158","On","app130collector","-","-","-","-","-","-","-","2404:f801:4800:1c:8097:64ee:f695:5062,10.150.101.53"
"/subscriptions/ac866176-3fcf-43c6-817a-6309be256398/resourcegroups/mig11161437-rg/providers/microsoft.offazure/vmwaresites/mig11161437vmwaresite/machines/db73f8f2-624c-4a0f-905b-8c6f34442cbc_501514ae-8c32-f811-d6cf-6e8802e1e7aa","/subscriptions/ac866176-3fcf-43c6-817a-6309be256398/resourcegroups/mig11161437-rg/providers/microsoft.offazure/vmwaresites/mig11161437vmwaresite/machines/db73f8f2-624c-4a0f-905b-8c6f34442cbc_501514ae-8c32-f811-d6cf-6e8802e1e7aa","win-ContosoUniversity-frontend","-","Server","Windows server","Windows Server 2022 Server Standard","Disabled","default","-1","Mainstream","-","Appliance","VMware","idclab-vcen67.fareast.corp.microsoft.com","","-","-","-","4","16384","1","80","Windows","2158","On","app130collector","-","-","-","-","-","-","-","2404:f801:4800:1c:a327:3817:8405:1a51,10.150.102.186"
"/subscriptions/ac866176-3fcf-43c6-817a-6309be256398/resourcegroups/mig11161437-rg/providers/microsoft.applicationmigration/pgsqlsites/mig11161437pgsql/pgsqlinstances/13298037983418522861028465962634","/subscriptions/ac866176-3fcf-43c6-817a-6309be256398/resourcegroups/mig11161437-rg/providers/microsoft.offazure/vmwaresites/mig11161437vmwaresite/machines/db73f8f2-624c-4a0f-905b-8c6f34442cbc_50156955-9730-407b-9225-555e02cac74d","WIN-MYSQLBB1:5432","-","Database","PostgreSQL server","17.4","Disabled","default","-","Mainstream","-","Appliance","-","-","{}","-","-","-","-","16383","-","-","-","-","-"," -","-","-","-","Unknown","-","-","-","-"
"/subscriptions/ac866176-3fcf-43c6-817a-6309be256398/resourcegroups/mig11161437-rg/providers/microsoft.applicationmigration/pgsqlsites/mig11161437pgsql/pgsqlinstances/63836105202562838693337432143056","/subscriptions/ac866176-3fcf-43c6-817a-6309be256398/resourcegroups/mig11161437-rg/providers/microsoft.offazure/vmwaresites/mig11161437vmwaresite/machines/db73f8f2-624c-4a0f-905b-8c6f34442cbc_5015218b-f1b4-c83f-6ec2-0b1118ce8ce2","WIN-MYSQLBB1:5433","-","Database","PostgreSQL server","11.22","Disabled","default","-","OutOfSupport","-","Appliance","-","-","{}","-","-","-","-","16383","-","-","-","-","-"," -","-","-","-","Unknown","-","-","-","-"
"/subscriptions/ac866176-3fcf-43c6-817a-6309be256398/resourcegroups/mig11161437-rg/providers/microsoft.applicationmigration/pgsqlsites/mig11161437pgsql/pgsqlinstances/51518615770574180494291333877123","/subscriptions/ac866176-3fcf-43c6-817a-6309be256398/resourcegroups/mig11161437-rg/providers/microsoft.offazure/vmwaresites/mig11161437vmwaresite/machines/db73f8f2-624c-4a0f-905b-8c6f34442cbc_5015218b-f1b4-c83f-6ec2-0b1118ce8ce2","WIN-MYSQLBB1:5434","-","Database","PostgreSQL server","15.12","Disabled","default","-","Mainstream","-","Appliance","-","-","{}","-","-","-","-","16383","-","-","-","-","-"," -","-","-","-","Unknown","-","-","-","-"
"/subscriptions/ac866176-3fcf-43c6-817a-6309be256398/resourcegroups/mig11161437-rg/providers/microsoft.applicationmigration/pgsqlsites/mig11161437pgsql/pgsqlinstances/03281333213926505675686012264637","/subscriptions/ac866176-3fcf-43c6-817a-6309be256398/resourcegroups/mig11161437-rg/providers/microsoft.offazure/vmwaresites/mig11161437vmwaresite/machines/db73f8f2-624c-4a0f-905b-8c6f34442cbc_5015f22a-0530-3798-8a48-cdb785388a6a","WIN-PG-04:5432","-","Database","PostgreSQL server","17.5","Disabled","default","-","Mainstream","-","Appliance","-","-","{}","-","-","-","-","16383","-","-","-","-","-"," -","-","-","-","Unknown","-","-","-","-"
"/subscriptions/ac866176-3fcf-43c6-817a-6309be256398/resourcegroups/mig11161437-rg/providers/microsoft.applicationmigration/pgsqlsites/mig11161437pgsql/pgsqlinstances/61331133620636857005020849867129","/subscriptions/ac866176-3fcf-43c6-817a-6309be256398/resourcegroups/mig11161437-rg/providers/microsoft.offazure/vmwaresites/mig11161437vmwaresite/machines/db73f8f2-624c-4a0f-905b-8c6f34442cbc_50159144-8ec4-8bab-5d10-ea2a219ef451","WIN-PGSQL-01:5432","-","Database","PostgreSQL server","14.19","Disabled","default","-","Mainstream","-","Appliance","-","-","{}","-","-","-","-","16383","-","-","-","-","-"," -","-","-","-","Unknown","-","-","-","-"
"/subscriptions/ac866176-3fcf-43c6-817a-6309be256398/resourcegroups/mig11161437-rg/providers/microsoft.applicationmigration/pgsqlsites/mig11161437pgsql/pgsqlinstances/77744988542299151010989005691045","/subscriptions/ac866176-3fcf-43c6-817a-6309be256398/resourcegroups/mig11161437-rg/providers/microsoft.offazure/vmwaresites/mig11161437vmwaresite/machines/db73f8f2-624c-4a0f-905b-8c6f34442cbc_50159144-8ec4-8bab-5d10-ea2a219ef451","WIN-PGSQL-01:5433","-","Database","PostgreSQL server","18.0","Disabled","default","-","Mainstream","-","Appliance","-","-","{}","-","-","-","-","16383","-","-","-","-","-"," -","-","-","-","Unknown","-","-","-","-"
